Additional Information,Given Name,House Number,Neighborhood/Area,Profession/Occupation,Property Owner Information,Street/Location Description,Surname,Title
,C.,16,,Kammermus.,,Hundsg.,Schwarz,
,Chr.,3,,"Glob, Fin. Assistenzrath",,äusz. Rampeschegasse,Schwarz,
,F.,9,,Lohnkellner,,Schwarzeg.,Schwarz,
,Ferd.,1,,Cantor,im Schulh.,Hauptstr.,Schwarz,
,J. A.,17,,Rostralfabr.,,Weiseritzstr.,Schwarz,
,Jul Glob,6,,Handelsgärtner,,Seminarstr.,Schwarz,
,M.,23,,Registr. T.,,kl. Plauenscheg.,Schwarz,
,Oberförsters W.,8,,,,Nstdt an der Kirche,Schwarz,
,Mich.,2,,Rabbinatscandidat u. jüd. Lehrer,,Amalienstr.,Schwarzauer,
,F. v.,4,,preusz. RittmstrsEheg.,,Jacobsg.,Schwarzbach,
,Franziska,10 d,,Hofth. Sängerin u. Schauspielerin,,Ostraalee,Schwarzbach,
,,14,,,,Böhmischeg.,Schwarzburger,Part.
,C. Chrst.,7,,Pension. Hofjäger,,Freibergerstrasze,Schwarze,
"Hofr. u. fürstl. reusz. Medicinalrath, Sprechst. früh bis halb 9 u. Nachm. von 3 bis halb 5 Uhr",C. Fr.,38,,D. med.,,Weberg.,Schwarze,
,Chrstne,31,,Schulgutspacht.,,gr. Ziegelg.,Schwarze,
,D. W.,12 u. 13,,Schenkw.,,Freibergerpl.,Schwarze,
,Fr. Wilh.,12,,Schuhm.,,Poppitz,Schwarze,
,G. F.,1,,Schauspieler,,Stiftsstr.,Schwarze,
,Joh. Glob,3,,Schneider,,Breiteg.,Schwarze,
Appellationsrath,L. F. Osc.,31,,D.,,Königsbrückerstr.,Schwarze,
,M.,17,,Schuhm.W.,,Gerberg.,Schwarze,
,Rahel Juliane,11,,Gesandtsch. CanzlistensW.,,gr. Oberseerg.,Schwarze,
,Wilh.,2,,Apotheker,,Zwingerstr.,Schwarze,
,F. A.,12,,Tischler,,Bautznerstr.,Schwartz,
Gew. am Neumarkt 8,Aug,23,,Klempner,,inn. Pirnascheg.,Schwartze,
,C.,4,,Schuhm.,,Mittelg.,Schwartze,
,Herrm.,6,,App. Ger. Aud.,,inn. Pirnascheg.,Schwedler,
,Johne Sophie,11,,,,Schreiberg.,Schwedler,
,Marie,2,,Prof.T.,,Amalienstr.,Schweigart,
,Joh. F. Thomas,23,,Schneider,,Hauptstr.,Schweigert,
,Th.,19,,Privata,,inn. Rampescheg.,Schweighofer=Czeika,
,Em. v.,30,,,,Bautznerstr.,Schweinitz,Frau
,Hedwig,6,,Lehrerin der englischen Sprache,,Breiteg.,Schweizer,
,Rosa,6,,Hofth. Choristin,,Breiteg.,SChweizer,
,Trg. Tertul.,19,,Kr. Registr.,,Anneng.,Schweizer,
,Auguste,3 a,,Bereit.W.,,Viehw.,Schwender,
,Gust. Ed.,4,,Kfm.,,Breiteg.,Schwender,
,J. G.,1,,Kräuterhaarölfabrikant,,Fleischerg.,Schwendler,
,Ed. A.,13,,Kfm.,,Löbtaerstr.,Schwendy,
Materialh.,H.,6,,Kfm.,,Königstr.,Schwenk,
,Wilh.,19,,Nagelschmidt,,Wilsdrufferg.,Schwenk,
,C. A.,4,,Schneider,,Seeg.,Schwenke,
,C. Fr.,6,,Nagelschm.,,Casernenstr.,Schwenke,
,Fr. verw.,2,,,,an der Elbe,Schwenke,
,Julius,6,,Nagelschmidt,,Casernenstr.,Schwenke,
,Sophie,7,,Diac.W,,Langeg.,Schwertfeger,
,J. G.,13,,Schriftfetzer,,Rosengasse,Schwertgeburth,
,C. Aug.,20,,Glaser,,Seeg.,Scriban,
,Ed. Rob.,8,,Rentamtsexp.,,Schützeng.,Searle,
,T.,9,,Part.,,Struveschestr.,Searle,
Firma: Orlandi & Secchi,H,2,,Conditor,,am Jüdenhof,Secchi,
,,1,,Priv.,,Kohlmarkt,Seckendorf,Frau v.
,,1,,"Hofrath, D. med., kr. Bezirksarzt u. Geburtsh.",,Kreug.,Seckendorff,Frhr. v.
,,20,,Kammerh.W.,,Elbberg,Seckendorff,Frfr. v.
,Georg,25,,Schneider,,Weberg.,Sednitzka,
,,2,,h. f. Cob. Goth. Kammerj. u. Forstmstr.,,Halbeg.,Seebach,Ed. v.
,,27,,Oberst a. D.,,Lüttichaustr.,Seebach,F. Thielo v.
,,7,,Appell.R.,,Lindeng.,Seebach,Rich. Camillo v.
,,4,,Speditions= u. Verladungsgeschäft,,Palaisplatz,Seebe,Joh. C.
das.,,,,"D. Ph., Prof. u. Dir. d. technischen Bildungsanstalt",,Antonsplatz,Seebeck,Aug.
,C. Fr.,41,,Bächer,,gr. Oberseerg.,Seeber,
,W. F.,8,,Weinh.,,Klosterg.,Seeger,
,Fr. Wilh.,4,,Fabr.,,Läbtaerstr.,Seele,
,J. M. v.,30,,Schauspielerin,,gr. Plauenscheg.,Seele,
,,15,,Kreisdir. Assessor,,Casernenstrasze,Seelhorst,Ernst v.
,,15,,Leutnant,,Casernenstr.,Seelhorst,George Wilh. v.
,,48,,Bildhauer,,äusz. Rampescheg.,Seelig,M.
,Johne Chrstne,4,,,,Bautznerpl.,Seeliger,
u. d. Weiden,,6,,Canzl.T.,,,Seering,A. A.
,,32,,Fin.Canzl.W.,,Louisenstr.,Seering,Chrstne Frdke
,Ad.,15,,prov. ständ. Archivar,,Alaung.,Segnitz,
,Aug. Fdrke,7,,Geh.Kr.RathsW.,,Polirg.,Segnitz,
,C. G.,10,,pens. k. s. Bergrath,,Birkeng.,Segnitz,
,C. Gust,41,,Unt.St.Rent.,,äusz. Pirnascheg,Segnitz,
,Eleon.,8,,Universitäts-Act.W.,,Wasserstr.,Segnitz,
,Ludw. Wilh.,7,,Fin. Registr.,,Kl. Packhofstr.,Segnitz,
,M.,20,,Bücher=Auct.,,inn. Rampescheg.,Segnitz,
,Ottilie,41,,AdvocatensT.,,äusz. Pirnascheg.,Segnitz,Frl.
,Aug.,10,,Schuhm.,,gr. Meisznerg.,Seibold,
,Joh. Aug.,5,,Sattler,,Töpferg.,Seibold,
,M.,25,,Zinngieszer,,Schützeng.,Seibold,
Rittergutsbes.,,12,,,,Töpferg.,Seibold,
,Ed. Aug.,23,,prinzl. Leibschütze,,Johannisg.,Seibt,
,C.,21,,Bäcker,,am See,Seidel,
,C.,2,,Hoflakai,,am Neum.,Seidel,
,C. Aug.,,,Hof? u. Konstgärtner,,Ostraallee im herzogl. Garten.,Seidel,
,C. Glob,11,,Gastw.,,Nstdt a. Markte,Seidel,
,Carol.,20,,Calc.W.,,äusz. Pirnascheg.,Seidel,
,Ed.,7,,Privatlehrer,,Roseng.,Seidel,
,Eleon. Carol.,5,,Schulinsp.W.,,Weiszeg.,Seidel,
,F.,4,,Schuhm.,,Josephineng.,Seidel,
a. d. Kreuzk.,Aug.,5,,Kirchner,,Schulg.,Seidel,Fr.
,Glob Fr.,3,,Handelsgärtner,,Grüneg.,Seidel,
u. Sportel=Einn.,Gust.,9,,Stadger.Cop.,,Alaungasse,Seidel,
,Jacob,22,,Handelsgärtner,,äusz. Rampescheg.,Seidel,
,Joh. C. Jul.,3,,Stdtger.Diätist,,Rosmaring.,Seidel,
,J. G.,45,,emerit. Pastor,,äusz. Rampescheg.,Seidel,
,Joh. Gfr.,13,,Hofth. Logenschlieszer,,Halbeg.,Seidel,
im Schuhm. Innungshause.,J. R.,,,Krankenwärterin,,,Seidel,
,C. Aug.,5,,Compagnie=Arzt,,Königsstrasze,Seidemann,
m. Fraueng.,C.,7,,Schlosser,,,Seidenglanz,
,Carol. Henr.,4,,KaufmannsW.,,Weiszeg.,Seidenschnur,
,D.,4,,med.,,Weiszeg.,Seidenschnur,
,C. A. Ferd.,40,,Victualienh.,,Hundsg.,Seidler,
,Joh. Fr,40,,Gerillh.,,Hundsg.,Seidler,
,C. Tr. v.,7,,pens. Major,,Hospitalstr.,Seidlitz,
,Fr. Fürchteg. v.,,C.,Oberleutn.,,Cas.Fl.,Seidlitz,
